booking_id,customer_id,customer_name,member_type,movie_name,theater_no,seat_number,seat_type,price,status
BK001,C001,ศิริพร ม***,Student,Avatar 3,1,C9,Deluxe,160.0,Paid
BK002,C002,อนันต์ ร***,VIP,Inception,4,B7,Honeymoon,0.0,Cancelled
BK003,C003,กิตติ ว***,Student,Interstellar,5,C3,Honeymoon,0.0,Cancelled
BK004,C004,ศิริพร ส***,Student,Avatar 3,1,B7,Honeymoon,192.0,Paid
BK005,C005,ชลธิชา เ***,VIP,Spider-Man,2,D6,Normal,126.0,Paid
BK006,C006,ศิริพร ส***,VIP,Interstellar,5,D6,VIP,266.0,Paid
BK007,C007,ศิริพร ม***,General,Spider-Man,2,D8,Deluxe,220.0,Paid
BK008,C008,กมล ม***,VIP,Spider-Man,2,C5,Normal,126.0,Paid
BK009,C009,ณัฐพงษ์ ม***,VIP,Batman,3,F9,Deluxe,168.0,Paid
BK010,C010,กิตติ ส***,VIP,Inception,4,F6,Normal,119.0,Paid
BK011,C011,ชลธิชา ว***,Student,Batman,3,E2,VIP,0.0,Cancelled
BK012,C012,สมชาย ส***,Student,Interstellar,5,F3,Honeymoon,216.0,Paid
BK013,C013,สมชาย ส***,Student,Batman,3,F8,VIP,312.0,Paid
BK014,C014,สมชาย ว***,General,Avatar 3,1,F6,VIP,350.0,Paid
BK015,C015,ชลธิชา ร***,Student,Spider-Man,2,F7,Honeymoon,208.0,Paid
BK016,C016,วิภา เ***,Student,Inception,4,E5,VIP,0.0,Cancelled
BK017,C017,สมชาย เ***,VIP,Interstellar,5,C2,Honeymoon,189.0,Paid
BK018,C018,ชลธิชา ม***,VIP,Spider-Man,2,C5,Normal,0.0,Rejected (ที่นั่ง C5 ถูกจองแล้ว (Double Booking))
BK019,C019,อนันต์ ม***,General,Spider-Man,2,B3,Honeymoon,260.0,Paid
BK020,C020,วิภา เ***,Student,Inception,4,F2,Honeymoon,200.0,Paid
BK021,C021,ชลธิชา ส***,Student,Spider-Man,2,D10,Deluxe,176.0,Paid
BK022,C022,กมล เ***,General,Avatar 3,1,D1,Deluxe,200.0,Paid
BK023,C023,ณัฐพงษ์ ส***,General,Interstellar,5,A4,Deluxe,0.0,Cancelled
BK024,C024,ณัฐพงษ์ ร***,VIP,Inception,4,E9,VIP,252.0,Paid
BK025,C025,วิภา เ***,General,Inception,4,E8,Normal,170.0,Paid
BK026,C026,กิตติ ส***,VIP,Batman,3,E3,VIP,273.0,Paid
BK027,C027,กิตติ ใ***,Student,Avatar 3,1,C9,VIP,0.0,Rejected (ที่นั่ง C9 ถูกจองแล้ว (Double Booking))
BK028,C028,สมชาย ร***,VIP,Inception,4,C8,Honeymoon,175.0,Paid
BK029,C029,ชลธิชา ส***,Student,Avatar 3,1,C8,Deluxe,160.0,Paid
BK030,C030,ศิริพร ส***,General,Batman,3,D6,Honeymoon,280.0,Paid
BK031,C031,อนันต์ ม***,Student,Batman,3,F10,VIP,312.0,Paid
BK032,C032,ณัฐพงษ์ เ***,Student,Avatar 3,1,B6,Deluxe,160.0,Paid
BK033,C033,อนันต์ ส***,VIP,Avatar 3,1,C10,VIP,245.0,Paid
BK034,C034,นภา ม***,Student,Spider-Man,2,C7,Deluxe,176.0,Paid
BK035,C035,ชลธิชา ส***,Student,Interstellar,5,D1,Honeymoon,216.0,Paid
BK036,C036,ณัฐพงษ์ ม***,Student,Inception,4,E5,Normal,136.0,Paid
BK037,C037,วิภา เ***,VIP,Spider-Man,2,C4,VIP,259.0,Paid
BK038,C038,กมล ใ***,VIP,Spider-Man,2,A10,Deluxe,0.0,Cancelled
BK039,C039,กมล เ***,Student,Batman,3,D10,Honeymoon,224.0,Paid
BK040,C040,วิภา ร***,Student,Interstellar,5,F7,Honeymoon,216.0,Paid
BK041,C041,ณัฐพงษ์ ม***,Student,Inception,4,C1,Honeymoon,200.0,Paid
BK042,C042,ชลธิชา เ***,General,Interstellar,5,E8,Honeymoon,270.0,Paid
BK043,C043,นภา ส***,Student,Batman,3,E3,Normal,0.0,Rejected (ที่นั่ง E3 ถูกจองแล้ว (Double Booking))
BK044,C044,ชลธิชา ว***,Student,Inception,4,D8,Honeymoon,200.0,Paid
BK045,C045,ศิริพร ว***,General,Interstellar,5,E5,Honeymoon,0.0,Cancelled
BK046,C046,อนันต์ ม***,Student,Batman,3,A1,VIP,312.0,Paid
BK047,C047,กิตติ ใ***,General,Spider-Man,2,B8,VIP,370.0,Paid
BK048,C048,ธนกฤต ใ***,VIP,Batman,3,E4,Deluxe,0.0,Cancelled
BK049,C049,กมล ว***,VIP,Inception,4,C6,Honeymoon,0.0,Cancelled
BK050,C050,วิภา ส***,General,Spider-Man,2,E10,Normal,180.0,Paid
BK051,C051,กิตติ ใ***,Student,Avatar 3,1,D3,VIP,280.0,Paid
BK052,C052,อนันต์ ม***,VIP,Inception,4,A9,Honeymoon,175.0,Paid
BK053,C053,ธนกฤต ใ***,Student,Avatar 3,1,F10,Honeymoon,192.0,Paid
BK054,C054,นภา ม***,VIP,Interstellar,5,B8,Honeymoon,189.0,Paid
BK055,C055,นภา ส***,VIP,Inception,4,D9,Honeymoon,175.0,Paid
BK056,C056,ธนกฤต ใ***,VIP,Batman,3,C5,Honeymoon,196.0,Paid
BK057,C057,วิภา ว***,VIP,Avatar 3,1,E8,VIP,245.0,Paid
BK058,C058,ณัฐพงษ์ ส***,VIP,Batman,3,F7,Honeymoon,196.0,Paid
BK059,C059,วิภา ว***,General,Inception,4,E7,Normal,170.0,Paid
BK060,C060,กิตติ ว***,Student,Avatar 3,1,C1,VIP,280.0,Paid
BK061,C061,ณัฐพงษ์ เ***,VIP,Avatar 3,1,E9,Deluxe,140.0,Paid
BK062,C062,ชลธิชา ร***,Student,Inception,4,D3,VIP,288.0,Paid
BK063,C063,ธนกฤต ส***,Student,Interstellar,5,F7,VIP,0.0,Rejected (ที่นั่ง F7 ถูกจองแล้ว (Double Booking))
BK064,C064,ชลธิชา ส***,VIP,Avatar 3,1,E3,Honeymoon,168.0,Paid
BK065,C065,ชลธิชา ว***,Student,Batman,3,C3,VIP,312.0,Paid
BK066,C066,กมล ส***,General,Batman,3,A6,Normal,200.0,Paid
BK067,C067,ชลธิชา ว***,General,Spider-Man,2,E3,VIP,370.0,Paid
BK068,C068,กิตติ ร***,Student,Inception,4,E8,Deluxe,0.0,Rejected (ที่นั่ง E8 ถูกจองแล้ว (Double Booking))
BK069,C069,ธนกฤต เ***,General,Interstellar,5,A1,Honeymoon,270.0,Paid
BK070,C070,นภา ส***,VIP,Inception,4,B8,Normal,119.0,Paid
BK071,C071,ศิริพร ม***,General,Inception,4,F4,VIP,360.0,Paid
BK072,C072,ศิริพร ส***,VIP,Batman,3,E2,VIP,273.0,Paid
BK073,C073,นภา ว***,General,Inception,4,F3,Deluxe,210.0,Paid
BK074,C074,อนันต์ ใ***,VIP,Batman,3,F3,VIP,273.0,Paid
BK075,C075,ธนกฤต ส***,VIP,Spider-Man,2,F8,Honeymoon,182.0,Paid
BK076,C076,กมล ส***,General,Avatar 3,1,F7,Normal,0.0,Cancelled
BK077,C077,กมล ม***,VIP,Avatar 3,1,A10,Normal,112.0,Paid
BK078,C078,สมชาย ส***,General,Inception,4,B8,Honeymoon,0.0,Rejected (ที่นั่ง B8 ถูกจองแล้ว (Double Booking))
BK079,C079,ศิริพร ใ***,General,Batman,3,A3,Normal,200.0,Paid
BK080,C080,สมชาย ว***,Student,Batman,3,A4,Deluxe,192.0,Paid
BK081,C081,สมชาย ใ***,VIP,Interstellar,5,B4,VIP,266.0,Paid
BK082,C082,ธนกฤต ส***,General,Avatar 3,1,C6,Honeymoon,240.0,Paid
BK083,C083,กมล เ***,General,Inception,4,E9,VIP,0.0,Rejected (ที่นั่ง E9 ถูกจองแล้ว (Double Booking))
BK084,C084,ชลธิชา ว***,Student,Spider-Man,2,D7,Normal,144.0,Paid
BK085,C085,ศิริพร ว***,VIP,Interstellar,5,D6,Normal,0.0,Rejected (ที่นั่ง D6 ถูกจองแล้ว (Double Booking))
BK086,C086,วิภา ว***,VIP,Spider-Man,2,B6,VIP,259.0,Paid
BK087,C087,ธนกฤต ส***,General,Inception,4,A10,VIP,360.0,Paid
BK088,C088,สมชาย ว***,Student,Inception,4,A5,Deluxe,168.0,Paid
BK089,C089,นภา ม***,Student,Batman,3,D6,Honeymoon,0.0,Rejected (ที่นั่ง D6 ถูกจองแล้ว (Double Booking))
BK090,C090,ศิริพร ส***,General,Avatar 3,1,A2,VIP,0.0,Cancelled
BK091,C091,กมล ส***,General,Interstellar,5,D6,Normal,0.0,Rejected (ที่นั่ง D6 ถูกจองแล้ว (Double Booking))
BK092,C092,อนันต์ ว***,Student,Avatar 3,1,F3,Deluxe,160.0,Paid
BK093,C093,สมชาย เ***,General,Inception,4,B1,VIP,360.0,Paid
BK094,C094,อนันต์ ส***,Student,Avatar 3,1,F3,Normal,0.0,Rejected (ที่นั่ง F3 ถูกจองแล้ว (Double Booking))
BK095,C095,อนันต์ ส***,Student,Avatar 3,1,F9,Normal,128.0,Paid
BK096,C096,นภา ส***,VIP,Inception,4,F5,Normal,119.0,Paid
BK097,C097,กมล ร***,General,Batman,3,D1,VIP,390.0,Paid
BK098,C098,ศิริพร ใ***,VIP,Interstellar,5,E10,Honeymoon,189.0,Paid
BK099,C099,กิตติ ร***,VIP,Interstellar,5,B4,Honeymoon,0.0,Rejected (ที่นั่ง B4 ถูกจองแล้ว (Double Booking))
BK100,C100,สมชาย ใ***,General,Spider-Man,2,C3,Honeymoon,260.0,Paid
BK101,C101,ศิริพร เ***,Student,Avatar 3,1,F3,Deluxe,0.0,Rejected (ที่นั่ง F3 ถูกจองแล้ว (Double Booking))
BK102,C102,สมชาย ใ***,Student,Spider-Man,2,B9,VIP,296.0,Paid
BK103,C103,ณัฐพงษ์ ม***,Student,Spider-Man,2,C10,VIP,296.0,Paid
BK104,C104,อนันต์ ส***,Student,Inception,4,D8,VIP,0.0,Rejected (ที่นั่ง D8 ถูกจองแล้ว (Double Booking))
BK105,C105,วิภา เ***,Student,Interstellar,5,B7,Deluxe,184.0,Paid
BK106,C106,อนันต์ ร***,General,Spider-Man,2,C10,Normal,0.0,Rejected (ที่นั่ง C10 ถูกจองแล้ว (Double Booking))
BK107,C107,สมชาย ส***,VIP,Inception,4,F5,Normal,0.0,Rejected (ที่นั่ง F5 ถูกจองแล้ว (Double Booking))
BK108,C108,สมชาย ส***,Student,Batman,3,E1,Deluxe,192.0,Paid
BK109,C109,ชลธิชา ว***,VIP,Spider-Man,2,D3,Deluxe,154.0,Paid
BK110,C110,นภา ร***,Student,Inception,4,B3,VIP,288.0,Paid
BK111,C111,ศิริพร ม***,General,Batman,3,C9,Deluxe,240.0,Paid
BK112,C112,วิภา ร***,Student,Spider-Man,2,B5,VIP,0.0,Cancelled
BK113,C113,ศิริพร ว***,VIP,Inception,4,A10,Deluxe,0.0,Rejected (ที่นั่ง A10 ถูกจองแล้ว (Double Booking))
BK114,C114,นภา ใ***,General,Batman,3,C2,VIP,390.0,Paid
BK115,C115,ณัฐพงษ์ ว***,Student,Avatar 3,1,A7,Deluxe,160.0,Paid
BK116,C116,ณัฐพงษ์ ใ***,Student,Interstellar,5,C2,VIP,0.0,Rejected (ที่นั่ง C2 ถูกจองแล้ว (Double Booking))
BK117,C117,กมล ใ***,General,Inception,4,E6,Honeymoon,250.0,Paid
BK118,C118,วิภา เ***,VIP,Avatar 3,1,E10,Deluxe,140.0,Paid
BK119,C119,สมชาย ม***,General,Batman,3,F9,VIP,0.0,Rejected (ที่นั่ง F9 ถูกจองแล้ว (Double Booking))
BK120,C120,กมล ใ***,Student,Avatar 3,1,B2,Deluxe,0.0,Cancelled
BK121,C121,วิภา ร***,VIP,Batman,3,E4,Honeymoon,0.0,Cancelled
BK122,C122,ศิริพร ใ***,Student,Avatar 3,1,D2,Honeymoon,192.0,Paid
BK123,C123,กมล ม***,VIP,Spider-Man,2,D5,Honeymoon,182.0,Paid
BK124,C124,ชลธิชา ม***,VIP,Avatar 3,1,A1,VIP,245.0,Paid
BK125,C125,วิภา ใ***,VIP,Spider-Man,2,C8,Normal,126.0,Paid
BK126,C126,ณัฐพงษ์ ส***,Student,Batman,3,B2,Normal,160.0,Paid
BK127,C127,สมชาย ใ***,General,Avatar 3,1,C5,Normal,160.0,Paid
BK128,C128,วิภา เ***,General,Interstellar,5,B2,Deluxe,230.0,Paid
BK129,C129,ณัฐพงษ์ ร***,General,Avatar 3,1,C10,VIP,0.0,Rejected (ที่นั่ง C10 ถูกจองแล้ว (Double Booking))
BK130,C130,กมล ร***,VIP,Spider-Man,2,B4,Normal,126.0,Paid
BK131,C131,นภา ใ***,VIP,Spider-Man,2,D1,Honeymoon,182.0,Paid
BK132,C132,นภา ใ***,General,Spider-Man,2,F4,VIP,370.0,Paid
BK133,C133,ณัฐพงษ์ ว***,VIP,Avatar 3,1,E9,Normal,0.0,Rejected (ที่นั่ง E9 ถูกจองแล้ว (Double Booking))
BK134,C134,วิภา ส***,VIP,Avatar 3,1,E7,Normal,112.0,Paid
BK135,C135,สมชาย ม***,Student,Inception,4,E2,Honeymoon,200.0,Paid
BK136,C136,กมล ใ***,Student,Inception,4,F6,Normal,0.0,Rejected (ที่นั่ง F6 ถูกจองแล้ว (Double Booking))
BK137,C137,วิภา ม***,Student,Avatar 3,1,C5,Normal,0.0,Rejected (ที่นั่ง C5 ถูกจองแล้ว (Double Booking))
BK138,C138,กิตติ ใ***,Student,Interstellar,5,F10,Deluxe,184.0,Paid
BK139,C139,นภา ว***,VIP,Inception,4,E6,Normal,0.0,Rejected (ที่นั่ง E6 ถูกจองแล้ว (Double Booking))
BK140,C140,กมล ใ***,Student,Inception,4,E5,Normal,0.0,Rejected (ที่นั่ง E5 ถูกจองแล้ว (Double Booking))
BK141,C141,ณัฐพงษ์ ม***,General,Spider-Man,2,B3,Normal,0.0,Rejected (ที่นั่ง B3 ถูกจองแล้ว (Double Booking))
BK142,C142,ธนกฤต ส***,VIP,Batman,3,E7,Deluxe,168.0,Paid
BK143,C143,กิตติ ม***,VIP,Batman,3,D10,VIP,0.0,Rejected (ที่นั่ง D10 ถูกจองแล้ว (Double Booking))
BK144,C144,ธนกฤต ใ***,VIP,Batman,3,C10,Deluxe,168.0,Paid
BK145,C145,ธนกฤต เ***,Student,Interstellar,5,E7,Normal,152.0,Paid
BK146,C146,นภา เ***,General,Interstellar,5,D7,Honeymoon,270.0,Paid
BK147,C147,กิตติ ว***,VIP,Batman,3,B1,Honeymoon,196.0,Paid
BK148,C148,นภา เ***,General,Spider-Man,2,C8,Honeymoon,0.0,Rejected (ที่นั่ง C8 ถูกจองแล้ว (Double Booking))
BK149,C149,นภา ร***,Student,Interstellar,5,E2,VIP,304.0,Paid
BK150,C150,ธนกฤต ส***,General,Inception,4,F7,Honeymoon,250.0,Paid
BK151,C151,อนันต์ ส***,VIP,Spider-Man,2,D3,Honeymoon,0.0,Rejected (ที่นั่ง D3 ถูกจองแล้ว (Double Booking))
BK152,C152,อนันต์ ม***,Student,Interstellar,5,D3,VIP,0.0,Cancelled
BK153,C153,ณัฐพงษ์ ม***,General,Inception,4,D7,Honeymoon,250.0,Paid
BK154,C154,วิภา เ***,Student,Avatar 3,1,C7,Honeymoon,192.0,Paid
BK155,C155,สมชาย ร***,VIP,Batman,3,C9,Deluxe,0.0,Rejected (ที่นั่ง C9 ถูกจองแล้ว (Double Booking))
BK156,C156,สมชาย เ***,VIP,Batman,3,F1,Normal,140.0,Paid
BK157,C157,กมล ส***,General,Avatar 3,1,E1,Deluxe,0.0,Cancelled
BK158,C158,นภา ม***,General,Avatar 3,1,F10,Normal,0.0,Rejected (ที่นั่ง F10 ถูกจองแล้ว (Double Booking))
BK159,C159,วิภา ร***,General,Batman,3,F6,Normal,200.0,Paid
BK160,C160,กิตติ ใ***,VIP,Avatar 3,1,E6,Honeymoon,168.0,Paid
BK161,C161,ศิริพร ใ***,Student,Inception,4,D6,VIP,288.0,Paid
BK162,C162,อนันต์ ว***,Student,Inception,4,F2,Deluxe,0.0,Rejected (ที่นั่ง F2 ถูกจองแล้ว (Double Booking))
BK163,C163,สมชาย ส***,General,Avatar 3,1,C5,VIP,0.0,Rejected (ที่นั่ง C5 ถูกจองแล้ว (Double Booking))
BK164,C164,ณัฐพงษ์ ม***,General,Inception,4,D10,Normal,0.0,Cancelled
BK165,C165,กมล ส***,VIP,Avatar 3,1,D10,Deluxe,140.0,Paid
BK166,C166,ชลธิชา ใ***,VIP,Avatar 3,1,B6,Honeymoon,0.0,Rejected (ที่นั่ง B6 ถูกจองแล้ว (Double Booking))
BK167,C167,วิภา ส***,General,Inception,4,F6,Deluxe,0.0,Rejected (ที่นั่ง F6 ถูกจองแล้ว (Double Booking))
BK168,C168,ศิริพร ใ***,General,Interstellar,5,C2,Normal,0.0,Rejected (ที่นั่ง C2 ถูกจองแล้ว (Double Booking))
BK169,C169,กิตติ ม***,Student,Inception,4,C4,Normal,136.0,Paid
BK170,C170,ชลธิชา ส***,Student,Batman,3,D6,Deluxe,0.0,Rejected (ที่นั่ง D6 ถูกจองแล้ว (Double Booking))
BK171,C171,นภา ร***,VIP,Interstellar,5,A6,Honeymoon,189.0,Paid
BK172,C172,กมล ม***,General,Spider-Man,2,B2,Deluxe,220.0,Paid
BK173,C173,ณัฐพงษ์ ส***,General,Interstellar,5,D6,Deluxe,0.0,Rejected (ที่นั่ง D6 ถูกจองแล้ว (Double Booking))
BK174,C174,นภา ส***,General,Inception,4,B5,VIP,360.0,Paid
BK175,C175,สมชาย ส***,VIP,Inception,4,B5,Honeymoon,0.0,Rejected (ที่นั่ง B5 ถูกจองแล้ว (Double Booking))
BK176,C176,วิภา ม***,VIP,Interstellar,5,E5,Honeymoon,0.0,Cancelled
BK177,C177,สมชาย ส***,VIP,Interstellar,5,D2,Normal,133.0,Paid
BK178,C178,กิตติ ส***,General,Batman,3,A3,Honeymoon,0.0,Rejected (ที่นั่ง A3 ถูกจองแล้ว (Double Booking))
BK179,C179,ธนกฤต ม***,VIP,Batman,3,D2,Normal,140.0,Paid
BK180,C180,วิภา ใ***,VIP,Spider-Man,2,F8,Honeymoon,0.0,Rejected (ที่นั่ง F8 ถูกจองแล้ว (Double Booking))
BK181,C181,ชลธิชา ร***,General,Avatar 3,1,A4,Honeymoon,240.0,Paid
BK182,C182,อนันต์ ส***,VIP,Batman,3,C10,Deluxe,0.0,Rejected (ที่นั่ง C10 ถูกจองแล้ว (Double Booking))
BK183,C183,นภา ส***,VIP,Inception,4,F9,Normal,119.0,Paid
BK184,C184,ชลธิชา เ***,VIP,Inception,4,D6,Deluxe,0.0,Rejected (ที่นั่ง D6 ถูกจองแล้ว (Double Booking))
BK185,C185,ชลธิชา ใ***,Student,Batman,3,D7,Normal,160.0,Paid
BK186,C186,สมชาย ม***,VIP,Avatar 3,1,E9,Deluxe,0.0,Rejected (ที่นั่ง E9 ถูกจองแล้ว (Double Booking))
BK187,C187,อนันต์ ม***,Student,Spider-Man,2,E2,VIP,296.0,Paid
BK188,C188,สมชาย ว***,VIP,Inception,4,B3,VIP,0.0,Rejected (ที่นั่ง B3 ถูกจองแล้ว (Double Booking))
BK189,C189,วิภา ม***,General,Interstellar,5,F6,VIP,380.0,Paid
BK190,C190,ศิริพร ม***,Student,Interstellar,5,A5,Honeymoon,216.0,Paid
BK191,C191,สมชาย ส***,Student,Batman,3,B10,Deluxe,192.0,Paid
BK192,C192,กิตติ ใ***,Student,Spider-Man,2,Z99,Normal,0.0,Rejected (ที่นั่ง Z99 ไม่มีอยู่ในระบบ (Invalid Seat))
BK193,C193,ธนกฤต ว***,VIP,Batman,3,D2,Normal,0.0,Rejected (ที่นั่ง D2 ถูกจองแล้ว (Double Booking))
BK194,C194,สมชาย เ***,General,Spider-Man,2,F6,Deluxe,220.0,Paid
BK195,C195,กมล ใ***,Student,Inception,4,F1,Deluxe,168.0,Paid
BK196,C196,สมชาย ส***,General,Spider-Man,2,E7,Honeymoon,260.0,Paid
BK197,C197,กิตติ ส***,Student,Interstellar,5,F3,Honeymoon,0.0,Rejected (ที่นั่ง F3 ถูกจองแล้ว (Double Booking))
BK198,C198,วิภา ม***,Student,Interstellar,5,B3,Normal,152.0,Paid
BK199,C199,กิตติ ส***,VIP,Batman,3,E10,Honeymoon,196.0,Paid
BK200,C200,นภา ม***,General,Interstellar,5,E1,VIP,380.0,Paid
BK201,C201,ศิริพร ส***,VIP,Batman,3,B2,Normal,0.0,Rejected (ที่นั่ง B2 ถูกจองแล้ว (Double Booking))
BK202,C202,สมชาย ม***,VIP,Batman,3,D2,Deluxe,0.0,Rejected (ที่นั่ง D2 ถูกจองแล้ว (Double Booking))
BK203,C203,กมล ม***,General,Interstellar,5,E6,VIP,380.0,Paid
BK204,C204,วิภา ม***,Student,Interstellar,5,C10,Honeymoon,216.0,Paid
BK205,C205,กมล ใ***,Student,Inception,4,F7,Normal,0.0,Rejected (ที่นั่ง F7 ถูกจองแล้ว (Double Booking))
BK206,C206,กมล ใ***,General,Spider-Man,2,D7,Deluxe,0.0,Rejected (ที่นั่ง D7 ถูกจองแล้ว (Double Booking))
BK207,C207,สมชาย ว***,General,Spider-Man,2,E8,VIP,370.0,Paid
BK208,C208,ชลธิชา ม***,Student,Batman,3,C9,Honeymoon,0.0,Rejected (ที่นั่ง C9 ถูกจองแล้ว (Double Booking))
BK209,C209,ธนกฤต ม***,Student,Spider-Man,2,B5,Honeymoon,208.0,Paid
BK210,C210,ณัฐพงษ์ ม***,Student,Spider-Man,2,F2,Normal,0.0,Cancelled
BK211,C211,ชลธิชา เ***,Student,Batman,3,E2,Normal,0.0,Rejected (ที่นั่ง E2 ถูกจองแล้ว (Double Booking))
BK212,C212,ณัฐพงษ์ ใ***,Student,Avatar 3,1,F5,Honeymoon,192.0,Paid
BK213,C213,ศิริพร ร***,Student,Spider-Man,2,A9,Normal,144.0,Paid
BK214,C214,วิภา ส***,Student,Spider-Man,2,F6,Honeymoon,0.0,Rejected (ที่นั่ง F6 ถูกจองแล้ว (Double Booking))
BK215,C215,ณัฐพงษ์ ส***,General,Inception,4,C3,VIP,360.0,Paid
BK216,C216,อนันต์ ใ***,Student,Batman,3,E10,VIP,0.0,Rejected (ที่นั่ง E10 ถูกจองแล้ว (Double Booking))
BK217,C217,ศิริพร เ***,VIP,Batman,3,F8,Deluxe,0.0,Rejected (ที่นั่ง F8 ถูกจองแล้ว (Double Booking))
BK218,C218,กมล ใ***,Student,Inception,4,E7,Deluxe,0.0,Rejected (ที่นั่ง E7 ถูกจองแล้ว (Double Booking))
BK219,C219,นภา ม***,General,Batman,3,A10,Normal,200.0,Paid
BK220,C220,ณัฐพงษ์ ใ***,General,Spider-Man,2,C7,Deluxe,0.0,Rejected (ที่นั่ง C7 ถูกจองแล้ว (Double Booking))
BK221,C221,กมล เ***,Student,Interstellar,5,D5,Deluxe,184.0,Paid
BK222,C222,ชลธิชา ส***,VIP,Avatar 3,1,A9,Normal,112.0,Paid
BK223,C223,อนันต์ ว***,Student,Interstellar,5,F2,Honeymoon,216.0,Paid
BK224,C224,กมล เ***,VIP,Avatar 3,1,D7,Deluxe,140.0,Paid
BK225,C225,กมล ร***,General,Inception,4,C8,VIP,0.0,Rejected (ที่นั่ง C8 ถูกจองแล้ว (Double Booking))
BK226,C226,ศิริพร ม***,General,Avatar 3,1,B4,Normal,160.0,Paid
BK227,C227,นภา ใ***,General,Batman,3,C2,Honeymoon,0.0,Rejected (ที่นั่ง C2 ถูกจองแล้ว (Double Booking))
BK228,C228,กมล ว***,General,Avatar 3,1,E9,VIP,0.0,Rejected (ที่นั่ง E9 ถูกจองแล้ว (Double Booking))
BK229,C229,วิภา ร***,Student,Inception,4,E2,Normal,0.0,Rejected (ที่นั่ง E2 ถูกจองแล้ว (Double Booking))
BK230,C230,สมชาย ส***,General,Batman,3,A1,Normal,0.0,Rejected (ที่นั่ง A1 ถูกจองแล้ว (Double Booking))
BK231,C231,ณัฐพงษ์ ม***,Student,Avatar 3,1,E3,Normal,0.0,Rejected (ที่นั่ง E3 ถูกจองแล้ว (Double Booking))
BK232,C232,ณัฐพงษ์ ส***,VIP,Inception,4,A5,VIP,0.0,Rejected (ที่นั่ง A5 ถูกจองแล้ว (Double Booking))
BK233,C233,อนันต์ ม***,VIP,Spider-Man,2,A9,Deluxe,0.0,Rejected (ที่นั่ง A9 ถูกจองแล้ว (Double Booking))
BK234,C234,ศิริพร เ***,Student,Avatar 3,1,E3,Normal,0.0,Rejected (ที่นั่ง E3 ถูกจองแล้ว (Double Booking))
BK235,C235,ณัฐพงษ์ ใ***,General,Batman,3,D10,VIP,0.0,Rejected (ที่นั่ง D10 ถูกจองแล้ว (Double Booking))
BK236,C236,สมชาย ม***,VIP,Batman,3,D9,Deluxe,168.0,Paid
BK237,C237,กมล เ***,VIP,Interstellar,5,F1,Honeymoon,189.0,Paid
BK238,C238,วิภา ว***,Student,Interstellar,5,E4,Deluxe,184.0,Paid
BK239,C239,อนันต์ ม***,VIP,Interstellar,5,E10,Deluxe,0.0,Rejected (ที่นั่ง E10 ถูกจองแล้ว (Double Booking))
BK240,C240,ชลธิชา ส***,Student,Batman,3,B10,Honeymoon,0.0,Rejected (ที่นั่ง B10 ถูกจองแล้ว (Double Booking))
BK241,C241,นภา ม***,VIP,Batman,3,A9,Deluxe,0.0,Cancelled
BK242,C242,กิตติ ว***,VIP,Spider-Man,2,F4,VIP,0.0,Rejected (ที่นั่ง F4 ถูกจองแล้ว (Double Booking))
BK243,C243,อนันต์ ว***,General,Inception,4,C4,Normal,0.0,Rejected (ที่นั่ง C4 ถูกจองแล้ว (Double Booking))
BK244,C244,ธนกฤต เ***,VIP,Avatar 3,1,F9,Deluxe,0.0,Rejected (ที่นั่ง F9 ถูกจองแล้ว (Double Booking))
BK245,C245,กิตติ ใ***,General,Spider-Man,2,E9,Normal,180.0,Paid
BK246,C246,อนันต์ ม***,Student,Batman,3,C5,Normal,0.0,Rejected (ที่นั่ง C5 ถูกจองแล้ว (Double Booking))
BK247,C247,วิภา ร***,General,Avatar 3,1,C7,Deluxe,0.0,Rejected (ที่นั่ง C7 ถูกจองแล้ว (Double Booking))
BK248,C248,ศิริพร ว***,Student,Inception,4,D5,Normal,136.0,Paid
BK249,C249,ศิริพร ส***,General,Batman,3,C9,Normal,0.0,Rejected (ที่นั่ง C9 ถูกจองแล้ว (Double Booking))
BK250,C250,กมล ใ***,VIP,Avatar 3,1,E5,VIP,245.0,Paid
BK251,C251,ชลธิชา ม***,VIP,Spider-Man,2,A3,Deluxe,154.0,Paid
BK252,C252,วิภา ส***,Student,Batman,3,C4,Honeymoon,224.0,Paid
BK253,C253,ศิริพร ส***,Student,Inception,4,D3,Normal,0.0,Rejected (ที่นั่ง D3 ถูกจองแล้ว (Double Booking))
BK254,C254,ณัฐพงษ์ ร***,VIP,Inception,4,A7,VIP,252.0,Paid
BK255,C255,นภา ใ***,General,Interstellar,5,D9,VIP,380.0,Paid
BK256,C256,สมชาย ม***,VIP,Batman,3,A6,Deluxe,0.0,Rejected (ที่นั่ง A6 ถูกจองแล้ว (Double Booking))
BK257,C257,อนันต์ ส***,VIP,Batman,3,F3,VIP,0.0,Rejected (ที่นั่ง F3 ถูกจองแล้ว (Double Booking))
BK258,C258,สมชาย เ***,General,Avatar 3,1,A4,Normal,0.0,Rejected (ที่นั่ง A4 ถูกจองแล้ว (Double Booking))
BK259,C259,วิภา ส***,VIP,Spider-Man,2,D1,VIP,0.0,Rejected (ที่นั่ง D1 ถูกจองแล้ว (Double Booking))
BK260,C260,ศิริพร ว***,VIP,Spider-Man,2,D3,Normal,0.0,Rejected (ที่นั่ง D3 ถูกจองแล้ว (Double Booking))
BK261,C261,ธนกฤต ส***,Student,Spider-Man,2,B2,Honeymoon,0.0,Rejected (ที่นั่ง B2 ถูกจองแล้ว (Double Booking))
BK262,C262,วิภา เ***,VIP,Avatar 3,1,B2,Deluxe,140.0,Paid
BK263,C263,ศิริพร เ***,VIP,Batman,3,B9,Honeymoon,196.0,Paid
BK264,C264,สมชาย ร***,General,Spider-Man,2,D2,VIP,370.0,Paid
BK265,C265,อนันต์ ส***,VIP,Interstellar,5,F6,Honeymoon,0.0,Rejected (ที่นั่ง F6 ถูกจองแล้ว (Double Booking))
BK266,C266,สมชาย ส***,Student,Inception,4,A6,Normal,136.0,Paid
BK267,C267,กิตติ ม***,VIP,Spider-Man,2,E2,VIP,0.0,Rejected (ที่นั่ง E2 ถูกจองแล้ว (Double Booking))
BK268,C268,ศิริพร ม***,General,Interstellar,5,A5,Deluxe,0.0,Rejected (ที่นั่ง A5 ถูกจองแล้ว (Double Booking))
BK269,C269,ชลธิชา ส***,Student,Avatar 3,1,E2,Normal,128.0,Paid
BK270,C270,ธนกฤต ร***,General,Interstellar,5,F2,VIP,0.0,Rejected (ที่นั่ง F2 ถูกจองแล้ว (Double Booking))
BK271,C271,อนันต์ ส***,VIP,Avatar 3,1,E8,VIP,0.0,Rejected (ที่นั่ง E8 ถูกจองแล้ว (Double Booking))
BK272,C272,กมล ม***,General,Spider-Man,2,B10,VIP,370.0,Paid
BK273,C273,ชลธิชา ร***,General,Batman,3,B4,Deluxe,240.0,Paid
BK274,C274,กมล ร***,VIP,Avatar 3,1,F8,Deluxe,140.0,Paid
BK275,C275,กมล ว***,VIP,Batman,3,A6,Deluxe,0.0,Rejected (ที่นั่ง A6 ถูกจองแล้ว (Double Booking))
BK276,C276,ชลธิชา ส***,Student,Inception,4,B9,Deluxe,168.0,Paid
BK277,C277,อนันต์ ม***,Student,Interstellar,5,A7,Deluxe,184.0,Paid
BK278,C278,กมล ส***,Student,Spider-Man,2,D9,Deluxe,176.0,Paid
BK279,C279,ณัฐพงษ์ ส***,Student,Avatar 3,1,E6,Honeymoon,0.0,Rejected (ที่นั่ง E6 ถูกจองแล้ว (Double Booking))
BK280,C280,อนันต์ ส***,VIP,Avatar 3,1,F1,Deluxe,140.0,Paid
BK281,C281,ธนกฤต ม***,VIP,Spider-Man,2,A4,VIP,259.0,Paid
BK282,C282,ธนกฤต ม***,VIP,Spider-Man,2,C3,VIP,0.0,Rejected (ที่นั่ง C3 ถูกจองแล้ว (Double Booking))
BK283,C283,กิตติ ใ***,VIP,Interstellar,5,C10,Honeymoon,0.0,Rejected (ที่นั่ง C10 ถูกจองแล้ว (Double Booking))
BK284,C284,นภา ว***,VIP,Avatar 3,1,E8,Deluxe,0.0,Rejected (ที่นั่ง E8 ถูกจองแล้ว (Double Booking))
BK285,C285,วิภา ส***,VIP,Interstellar,5,F5,Normal,133.0,Paid
BK286,C286,กมล ม***,General,Interstellar,5,B3,Normal,0.0,Rejected (ที่นั่ง B3 ถูกจองแล้ว (Double Booking))
BK287,C287,นภา ร***,General,Spider-Man,2,F4,Deluxe,0.0,Rejected (ที่นั่ง F4 ถูกจองแล้ว (Double Booking))
BK288,C288,อนันต์ ว***,VIP,Avatar 3,1,A7,VIP,0.0,Rejected (ที่นั่ง A7 ถูกจองแล้ว (Double Booking))
BK289,C289,ธนกฤต ส***,Student,Interstellar,5,F6,Honeymoon,0.0,Rejected (ที่นั่ง F6 ถูกจองแล้ว (Double Booking))
BK290,C290,นภา ส***,VIP,Interstellar,5,F5,Honeymoon,0.0,Rejected (ที่นั่ง F5 ถูกจองแล้ว (Double Booking))
BK291,C291,กิตติ ม***,VIP,Spider-Man,2,A9,Honeymoon,0.0,Rejected (ที่นั่ง A9 ถูกจองแล้ว (Double Booking))
BK292,C292,อนันต์ ใ***,General,Batman,3,A8,Normal,200.0,Paid
BK293,C293,นภา ม***,General,Batman,3,C1,VIP,390.0,Paid
BK294,C294,ศิริพร ส***,General,Spider-Man,2,F4,Normal,0.0,Rejected (ที่นั่ง F4 ถูกจองแล้ว (Double Booking))
BK295,C295,ชลธิชา ส***,Student,Batman,3,C9,Honeymoon,0.0,Rejected (ที่นั่ง C9 ถูกจองแล้ว (Double Booking))
BK296,C296,ธนกฤต ส***,Student,Inception,4,D10,Deluxe,168.0,Paid
BK297,C297,สมชาย เ***,Student,Interstellar,5,F5,VIP,0.0,Rejected (ที่นั่ง F5 ถูกจองแล้ว (Double Booking))
BK298,C298,อนันต์ ส***,Student,Inception,4,F8,Normal,136.0,Paid
BK299,C299,กมล ร***,Student,Batman,3,A8,VIP,0.0,Rejected (ที่นั่ง A8 ถูกจองแล้ว (Double Booking))
BK300,C300,ณัฐพงษ์ ม***,Student,Interstellar,5,F6,Honeymoon,0.0,Rejected (ที่นั่ง F6 ถูกจองแล้ว (Double Booking))
